<?xml version="1.0" encoding="UTF-8"?>
<!DOCTYPE mapper
  PUBLIC "-//mybatis.org//DTD Mapper 3.0//EN"
  "https://mybatis.org/dtd/mybatis-3-mapper.dtd">
<mapper namespace="com.ssafy.ssafit.model.dao.VideoDao">
	<select id="selectVideo" resultType="Video"
		parameterType="String">
		SELECT *
		FROM video WHERE videoId =
		#{videoId}
	</select>
	
	<select id="search" resultType="Video"
		parameterType="SearchCondition">
		SELECT * FROM video
		<if test="key!='none'">
			WHERE ${key} LIKE CONCAT('%' #{word} '%')
		</if>
		<if test="orderBy!='none'">
			ORDER BY ${orderBy} ${orderByDir}
		</if>
	</select>

</mapper>
